2025-11-10_16-28-56,None,draft.py:2025-11-10_16-28-56
2025-11-10_17-33-22,None,draft.py:2025-11-10_16-28-56
2025-11-10_17-36-18,None,draft.py:2025-11-10_16-28-56
2025-11-10_17-36-56,None,draft.py:2025-11-10_16-28-56
2025-11-11_10-14-22,None,draft.py:2025-11-10_16-28-56
2025-11-11_10-18-07,None,draft.py:2025-11-10_16-28-56
2025-11-11_10-20-29,None,draft.py:2025-11-10_16-28-56
2025-11-11_10-20-57,None,draft.py:2025-11-10_16-28-56
2025-11-11_10-21-57,None,draft.py:2025-11-10_16-28-56
2025-11-11_15-43-07,None,draft.py:2025-11-10_16-28-56
2025-11-11_15-43-54,None,draft.py:2025-11-10_16-28-56
2025-11-11_15-44-16,None,draft.py:2025-11-10_16-28-56
2025-11-11_15-52-18,None,draft.py:2025-11-10_16-28-56
2025-11-11_15-53-15,None,draft.py:2025-11-10_16-28-56
2025-11-11_15-59-32,None,draft.py:2025-11-10_16-28-56
2025-11-12_10-22-21,0,draft.py:2025-11-12_10-22-21
2025-11-13_08-17-59,0,draft.py:2025-11-12_10-22-21
2025-11-13_08-18-54,0,draft.py:2025-11-13_08-18-54
2025-11-13_08-36-34,0,draft.py:2025-11-13_08-18-54
2025-11-13_08-41-46,0,draft.py:2025-11-13_08-41-46
2025-11-13_08-41-56,0,draft.py:2025-11-13_08-41-46
2025-11-13_08-42-38,---,draft.py:2025-11-13_08-41-46
2025-11-13_08-47-57,0,draft.py:2025-11-13_08-47-57
2025-11-13_08-48-45,0,draft.py:2025-11-13_08-48-45
2025-11-13_08-49-47,0,draft.py:2025-11-13_08-49-47
2025-11-13_08-50-29,0,draft.py:2025-11-13_08-50-29
2025-11-13_08-50-41,---,draft.py:2025-11-13_08-50-29
2025-11-13_08-53-46,0,draft.py:2025-11-13_08-53-46
2025-11-13_08-54-44,0,draft.py:2025-11-13_08-53-46
2025-11-13_08-54-56,0,draft.py:2025-11-13_08-54-56
2025-11-13_09-04-21,0,draft.py:2025-11-13_09-04-21
2025-11-13_09-06-34,---,draft.py:2025-11-13_09-04-21
2025-11-13_09-07-13,0,draft.py:2025-11-13_09-07-13
2025-11-13_09-10-01,0,draft.py:2025-11-13_09-10-01
2025-11-13_09-11-06,0,draft.py:2025-11-13_09-11-06
2025-11-13_09-12-14,0,draft.py:2025-11-13_09-11-06
2025-11-13_09-19-51,0,draft.py:2025-11-13_09-19-51
2025-11-13_09-24-32,0,draft.py:2025-11-13_09-24-32
2025-11-13_09-25-11,0,draft.py:2025-11-13_09-25-11
2025-11-13_09-32-14,0,draft.py:2025-11-13_09-32-14
2025-11-13_09-32-51,0,draft.py:2025-11-13_09-32-51
2025-11-13_14-46-06,0,draft.py:2025-11-13_09-32-51
2025-11-13_14-48-07,0,draft.py:2025-11-13_14-48-07
2025-11-13_14-48-25,0,draft.py:2025-11-13_14-48-25
2025-11-13_14-48-45,0,draft.py:2025-11-13_14-48-25
