2025-11-11_10-03-02,None,draft.py:2025-11-11_10-03-02
2025-11-11_10-13-23,None,draft.py:2025-11-11_10-03-02
2025-11-11_10-13-56,None,draft.py:2025-11-11_10-03-02
2025-11-11_10-20-49,None,draft.py:2025-11-11_10-03-02
2025-11-11_10-20-50,None,draft.py:2025-11-11_10-03-02
2025-11-11_16-04-26,None,draft.py:2025-11-11_10-03-02
2025-11-11_16-15-58,None,draft.py:2025-11-11_10-03-02
2025-11-11_16-22-28,None,draft.py:2025-11-11_10-03-02
2025-11-11_16-22-33,None,draft.py:2025-11-11_10-03-02
2025-11-11_16-29-52,None,draft.py:2025-11-11_10-03-02
2025-11-11_16-46-56,None,draft.py:2025-11-11_10-03-02
2025-11-12_08-08-58,None,draft.py:2025-11-11_10-03-02
2025-11-12_08-09-05,None,draft.py:2025-11-11_10-03-02
2025-11-12_08-16-04,100,draft.py:2025-11-11_10-03-02
2025-11-12_08-16-05,100,draft.py:2025-11-11_10-03-02
2025-11-12_08-16-12,100,draft.py:2025-11-11_10-03-02
2025-11-12_10-12-38,100,draft.py:2025-11-11_10-03-02
2025-11-12_10-15-04,100,draft.py:2025-11-11_10-03-02
2025-11-12_10-15-22,0,draft.py:2025-11-12_10-15-22
2025-11-12_10-17-19,0,draft.py:2025-11-12_10-15-22
2025-11-12_10-24-09,0,draft.py:2025-11-12_10-15-22
2025-11-12_10-24-11,0,draft.py:2025-11-12_10-15-22
2025-11-12_10-24-22,0,draft.py:2025-11-12_10-24-22
2025-11-12_10-25-18,0,draft.py:2025-11-12_10-25-18
2025-11-12_10-25-43,0,draft.py:2025-11-12_10-25-18
2025-11-12_10-25-44,0,draft.py:2025-11-12_10-25-18
2025-11-12_10-26-16,0,draft.py:2025-11-12_10-25-18
2025-11-12_10-27-23,0,draft.py:2025-11-12_10-25-18
2025-11-12_10-27-24,0,draft.py:2025-11-12_10-25-18
2025-11-12_10-28-56,0,draft.py:2025-11-12_10-28-56
2025-11-12_10-29-14,0,draft.py:2025-11-12_10-28-56
2025-11-12_10-29-24,0,draft.py:2025-11-12_10-29-24
2025-11-12_10-34-46,0,draft.py:2025-11-12_10-34-46
2025-11-12_10-35-43,0,draft.py:2025-11-12_10-35-43
2025-11-12_10-35-46,0,draft.py:2025-11-12_10-35-43
2025-11-12_10-35-52,0,draft.py:2025-11-12_10-35-52
2025-11-12_10-38-23,0,draft.py:2025-11-12_10-35-52
2025-11-12_10-43-41,0,draft.py:2025-11-12_10-43-41
2025-11-12_10-45-27,0,draft.py:2025-11-12_10-45-27
2025-11-12_10-45-34,0,draft.py:2025-11-12_10-45-34
2025-11-12_10-46-10,0,draft.py:2025-11-12_10-46-10
2025-11-12_10-46-47,0,draft.py:2025-11-12_10-46-47
2025-11-12_10-49-35,0,draft.py:2025-11-12_10-49-35
2025-11-12_10-49-53,0,draft.py:2025-11-12_10-49-35
2025-11-12_10-50-04,0,draft.py:2025-11-12_10-50-04
2025-11-12_10-54-52,0,draft.py:2025-11-12_10-54-52
2025-11-12_10-55-04,0,draft.py:2025-11-12_10-54-52
2025-11-12_10-55-09,0,draft.py:2025-11-12_10-55-09
2025-11-12_10-57-57,0,draft.py:2025-11-12_10-57-57
2025-11-12_10-58-28,0,draft.py:2025-11-12_10-57-57
2025-11-12_10-58-38,0,draft.py:2025-11-12_10-57-57
2025-11-12_10-58-49,0,draft.py:2025-11-12_10-57-57
2025-11-12_10-59-02,0,draft.py:2025-11-12_10-59-02
2025-11-12_10-59-10,0,draft.py:2025-11-12_10-59-10
2025-11-12_10-59-33,0,draft.py:2025-11-12_10-59-10
2025-11-12_10-59-41,0,draft.py:2025-11-12_10-59-41
2025-11-12_11-00-50,0,draft.py:2025-11-12_11-00-50
2025-11-12_11-01-17,0,draft.py:2025-11-12_11-01-17
2025-11-12_11-01-46,0,draft.py:2025-11-12_11-01-46
2025-11-12_11-06-41,0,draft.py:2025-11-12_11-01-46
2025-11-12_11-07-01,0,draft.py:2025-11-12_11-07-01
2025-11-12_11-07-25,0,draft.py:2025-11-12_11-07-01
2025-11-12_11-08-02,0,draft.py:2025-11-12_11-08-02
2025-11-12_11-08-58,0,draft.py:2025-11-12_11-08-58
2025-11-12_11-09-15,0,draft.py:2025-11-12_11-09-15
2025-11-12_11-09-37,0,draft.py:2025-11-12_11-09-37
2025-11-12_11-09-38,0,draft.py:2025-11-12_11-09-37
2025-11-12_11-09-39,0,draft.py:2025-11-12_11-09-37
2025-11-12_11-09-39,0,draft.py:2025-11-12_11-09-37
2025-11-12_11-09-39,0,draft.py:2025-11-12_11-09-37
2025-11-12_11-09-39,0,draft.py:2025-11-12_11-09-37
2025-11-12_11-09-40,0,draft.py:2025-11-12_11-09-37
2025-11-12_11-09-40,0,draft.py:2025-11-12_11-09-37
2025-11-12_11-09-40,0,draft.py:2025-11-12_11-09-37
2025-11-12_11-09-40,0,draft.py:2025-11-12_11-09-37
2025-11-12_11-10-04,0,draft.py:2025-11-12_11-10-04
2025-11-12_11-14-45,0,draft.py:2025-11-12_11-14-45
2025-11-12_11-16-20,0,draft.py:2025-11-12_11-16-20
2025-11-12_11-18-56,0,draft.py:2025-11-12_11-16-20
2025-11-12_11-19-31,0,draft.py:2025-11-12_11-16-20
2025-11-12_11-19-36,0,draft.py:2025-11-12_11-19-36
2025-11-12_11-19-52,0,draft.py:2025-11-12_11-19-52
2025-11-12_11-20-20,0,draft.py:2025-11-12_11-20-20
2025-11-12_11-22-08,0,draft.py:2025-11-12_11-22-08
2025-11-12_11-24-24,0,draft.py:2025-11-12_11-24-24
2025-11-12_11-24-54,0,draft.py:2025-11-12_11-24-54
2025-11-12_11-26-09,0,draft.py:2025-11-12_11-26-09
2025-11-12_15-36-37,0,draft.py:2025-11-12_15-36-37
2025-11-12_15-39-00,0,draft.py:2025-11-12_15-39-00
2025-11-12_15-39-13,0,draft.py:2025-11-12_15-39-00
2025-11-12_15-39-20,0,draft.py:2025-11-12_15-39-20
2025-11-12_15-39-37,0,draft.py:2025-11-12_15-39-37
2025-11-12_15-39-52,0,draft.py:2025-11-12_15-39-52
2025-11-18_07-37-19,0,draft.py:2025-11-12_15-39-52
2025-11-18_07-42-09,0,draft.py:2025-11-18_07-42-09
2025-11-18_07-42-27,0,draft.py:2025-11-18_07-42-27
2025-11-18_07-42-41,0,draft.py:2025-11-18_07-42-27
2025-11-18_07-42-47,0,draft.py:2025-11-18_07-42-47
2025-11-18_07-42-56,0,draft.py:2025-11-18_07-42-56
2025-11-18_07-43-08,0,draft.py:2025-11-18_07-43-08
2025-11-18_09-58-08,0,draft.py:2025-11-18_09-58-08
2025-11-18_09-58-21,0,draft.py:2025-11-18_09-58-21
2025-11-18_15-30-38,0,draft.py:2025-11-18_15-30-38
2025-11-18_15-30-56,0,draft.py:2025-11-18_15-30-56
2025-11-18_15-32-18,0,draft.py:2025-11-18_15-32-18
2025-11-18_17-27-47,0,draft.py:2025-11-18_17-27-47
2025-11-18_17-28-30,0,draft.py:2025-11-18_17-28-30
2025-11-18_17-28-31,0,draft.py:2025-11-18_17-28-30
2025-11-18_17-28-31,0,draft.py:2025-11-18_17-28-30
2025-11-18_17-28-32,0,draft.py:2025-11-18_17-28-30
2025-11-18_17-28-32,0,draft.py:2025-11-18_17-28-30
2025-11-18_17-45-24,0,draft.py:2025-11-18_17-45-24
2025-11-18_17-49-54,0,draft.py:2025-11-18_17-49-54
2025-11-18_17-50-45,0,draft.py:2025-11-18_17-50-45
